model,rmse,mae,r2
Ridge,67.48835603264784,39.34707227982705,-0.10501137634457747
XGBoost,69.63168306399007,38.701812784740056,-0.17631283597995306
RandomForest,71.72585889948746,43.905851068533195,-0.24813213791321087
TF_MLP,73.77214774124994,42.98824730641185,-0.32036470179981813
